<?xml version="1.0" encoding="UTF-8"?>
<beans xmlns="http://www.springframework.org/schema/beans"
	xmlns:xsi="http://www.w3.org/2001/XMLSchema-instance"
	xmlns:context="http://www.springframework.org/schema/context"
	xmlns:aop="http://www.springframework.org/schema/aop"
	xmlns:tx="http://www.springframework.org/schema/tx"
	xsi:schemaLocation="http://www.springframework.org/schema/beans https://www.springframework.org/schema/beans/spring-beans.xsd
		http://www.springframework.org/schema/context http://www.springframework.org/schema/context/spring-context-4.3.xsd
		http://www.springframework.org/schema/aop http://www.springframework.org/schema/aop/spring-aop-4.3.xsd
		http://www.springframework.org/schema/tx http://www.springframework.org/schema/tx/spring-tx-4.3.xsd">
	
	<!-- Root Context: defines shared resources visible to all other web components -->
		<bean id="dataSource" class="org.apache.commons.dbcp2.BasicDataSource">
		    <property name="driverClassName" value="${db.driverClass}"/>
		    <property name="url"  value="${db.url}"/>
		    <property name="username" value="${db.username}"/>
		    <property name="password" value="${db.password}"/>
		</bean>
		<context:property-placeholder location="classpath:/config/database.properties"/>
		<!-- property에 설정한 값을 가져오는 주소를 설정 -->
		<bean id="jdbcTemplate" class="org.springframework.jdbc.core.JdbcTemplate">
		    <constructor-arg ref="dataSource"/>
		    <!-- 위에서 설정한 dataSource를 참조한다 -->
		</bean>
		<bean id="sqlSessionFactory" class="org.mybatis.spring.SqlSessionFactoryBean">
		    <property name="dataSource" ref="dataSource"/>
		    <property name="configLocation" value="classpath:/config/mybatis-config.xml"/>
		    <property name="mapperLocations" value="classpath:/mappers/**/*mapper.xml"/>
		</bean>
		<bean id="sqlSession" class="org.mybatis.spring.SqlSessionTemplate">
		    <constructor-arg ref="sqlSessionFactory"/>
		    <!-- 위에서 설정한 sqlSessionFactory를 참조한다  -->
		</bean>
		<!--트랜잭션 설정  -->
		<bean id="transactionManager"
		      class="org.springframework.jdbc.datasource.DataSourceTransactionManager">
		      <property name="dataSource" ref="dataSource"/>
		      <!--위에서 설정한 dataSource를 참조한다  -->
		      </bean>
		      <!--@Transaction 어노테이션을 찾아서 트랙잭션을 관리해준다  -->
		      <tx:annotation-driven transaction-manager="transactionManager"/>
		      <!-- @Component : @Controller, @Service, @Repository중에서
		           @Controller를 제외한 클래스만 인스턴스화 하도록 설정 -->
		      <context:component-scan base-package="com.kh.prj">
		      <context:exclude-filter type="annotation" expression="org.springframework.stereotype.Controller"/>
		      </context:component-scan> 
		      
		      <aop:aspectj-autoproxy/>
</beans>
