<?xml version="1.0" encoding="UTF-8"?>
<!DOCTYPE mapper PUBLIC "-//mybatis.org//DTD Config 3.0//EN"
  "http://mybatis.org/dtd/mybatis-3-mapper.dtd">
<mapper namespace="mappers.CommunityDAO-mapper">

	<!-- 게시글 작성 -->
	<insert id="write"
		parameterType="com.kh.prj.community.vo.CommunityVO">
		INSERT INTO community (
		community_no,
		user_id,
		community_title,
		community_pw,
		community_content,
		community_category)
		VALUES(
		#{community_no},
		#{user_id},
		#{community_title},
		#{community_pw},
		#{community_content},
		#{community_category}
		)
	</insert>

	<!-- 게시글 수정 -->
	<update id="modify"
		parameterType="com.kh.prj.community.vo.CommunityVO">
		UPDATE community
		SET community_title =
		#{community_title},
		community_content = #{community_content}
		WHERE
		community_pw = #{community_pw}
		AND 
		user_id = #{user_id}
		AND
		community_no = #{community_no}

	</update>

	<!-- 게시글삭제 -->
	<delete id="delete"
		parameterType="com.kh.prj.community.vo.CommunityVO">
		DELETE FROM community where
		community_no =
		#{community_no} and
		community_pw =
		#{community_pw} and
		user_id = #{user_id}
	</delete>
	<update id="no">
	UPDATE community SET community_no = rownum
	</update>
	<!-- 게시글 보기 -->
	<select id="view" parameterType="int"
		resultType="com.kh.prj.community.vo.CommunityVO">
		SELECT
		community_no,
		community_title,
		community_content,
		community_cnt,
		community_cdate,
		community_category,
		user_id
		FROM community
		WHERE community_no =
		#{community_no}
	</select>

	<!-- 게시글 목록 -->
	<select id="list" parameterType="map"
		resultType="com.kh.prj.community.vo.CommunityVO">
		select
		user_id,
		community_title,
		community_cdate,
		community_cnt,
		community_no
		from ( select row_number() over( order by community_no asc) as num,
		user_id,
		community_title,
		community_cdate,
		community_cnt,
		community_no
		from community
		where community_no = community_no
		<if test="searchType != null">
		and
			<choose>
				<!--제목 + 내용 -->
				<when test="searchType == 'TC'.toString()">
					community_title like '%' || #{keyword} || '%' or
					community_content like '%' || #{keyword} || '%'
				</when>
				<!-- 제목 -->
				<when test="searchType == 'T'.toString()">
					community_title like '%' || #{keyword} || '%'
				</when>
				<when test="searchType == 'C'.toString()">
					<!--내용 -->
					community_content like '%' || #{keyword} || '%'
				</when>
				<!--작성자 -->
				<when test="searchType == 'W'.toString()">
					user_id like '%' || #{keyword} || '%'
				</when>
				<!--작성자 + 제목 + 내용 -->
				<when test="searchType == 'ALL'.toString">
					user_id like '%' || #{keyword} || '%' or
					community_title like '%' || #{keyword} || '%' or
					community_content like '%' || #{keyword} || '%'
				</when>
			</choose>
		</if>
		)
		where num between #{startRec} and #{endRec}
	</select>

	<!-- 조회수 +1 -->
	<update id="plusCnt" parameterType="int">
		UPDATE community
		SET
		community_cnt = community_cnt +1
		WHERE community_no = #{community_no}
	</update>
	
	<!--게시글의 번호를 전부 +1 을 한다  -->
	<update id="Update">
		UPDATE community
		SET community_no = community_no + 1
	</update>

	<select id="total" parameterType="map" resultType="int">
		Select count(*)
		From community
		where
		<if test="searchType != null">
			<choose>
				<!--제목 + 내용 -->
				<when test="searchType == 'TC'.toString()">
					community.community_title like '%' || #{keyword} || '%' or
					community.community_content like '%' || #{keyword} || '%'
				</when>
				<!-- 제목 -->
				<when test="searchType == 'T'.toString()">
					community.community_title like '%' || #{keyword} || '%'
				</when>
				<when test="searchType == 'C'.toString()">
					<!--내용 -->
					community.community_content like '%' || #{keyword} || '%'
				</when>
				<!--작성자 -->
				<when test="searchType == 'W'.toString()">
					community.user_id like '%' || #{keyword} || '%'
				</when>
				<!--작성자 + 제목 + 내용 -->
				<when test="searchType == 'ALL'.toString">
					community.user_id like '%' || #{keyword} || '%' or
					community.community_title like '%' || #{keyword} || '%' or
					community.community_content like '%' || #{keyword} || '%'
				</when>
			</choose>
		</if>
	</select>
</mapper>