<?xml version="1.0" encoding="UTF-8"?>
<!DOCTYPE mapper PUBLIC "-//mybatis.org//DTD Config 3.0//EN"
  "http://mybatis.org/dtd/mybatis-3-mapper.dtd">
<mapper namespace="mappers.GongDAO-mapper">

	<insert id="write" parameterType="com.kh.prj.gong.vo.GongVO">
		insert into gong(
		gong_no,
		gong_category,
		gong_target,
		gong_host,
		gong_award,
		gong_content,
		gong_link,
		gong_start,
		gong_end,
		user_id)
		values(
		#{gong_no},
		#{gong_category},
		#{gong_target},
		#{gong_host},
		#{gong_award},
		#{gong_content},
		#{gong_link},
		#{gong_start},
		#{gong_end}
		<if test="user_id == 'admin'.toString()">,
			#{user_id})
		</if>
	</insert>
	<update id="Update">
		UPDATE gong
		SET gong_no = gong_no + 1
	</update>
	<update id="modify" parameterType="com.kh.prj.gong.vo.GongVO">
		UPDATE gong set
		gong_category = #{gong_category},
		gong_target =
		#{gong_target},
		gong_host = #{gong_host},
		gong_award = #{gong_award},
		gong_link = #{gong_link},
		gong_start = #{gong_start},
		gong_end =
		#{gong_end},
		gong_content = #{gong_content}
		WHERE
		gong_no = #{gong_no}
		<if test="user_id == 'admin'.toString()">
			AND
			user_id = #{user_id}
		</if>
	</update>
	<delete id="delete" parameterType="map">
		DELETE FROM
		gong
		WHERE
		gong_no = #{gong_no}
		<if test="user_id == 'admin'.toString()">
			AND
			user_id = #{user_id}
		</if>
	</delete>
	<update id="no">
		UPDATE gong SET gong_no = rownum
	</update>
	<!-- 게시글 보기 -->
	<select id="view" parameterType="int"
		resultType="com.kh.prj.gong.vo.GongVO">
		SELECT
		gong_no,
		gong_category,
		gong_target,
		gong_host,
		gong_cnt,
		gong_cdate,
		gong_content,
		gong_end,
		gong_link,
		gong_award,
		gong_start
		FROM gong
		WHERE gong_no =
		#{gong_no}
	</select>
	<select id="list" parameterType="int"
		resultType="com.kh.prj.gong.vo.GongVO">
		SELECT
		gong_no,
		gong_category,
		gong_host,
		gong_award,
		gong_start,
		gong_end,
		gong_cdate,
		gong_content,
		gong_cnt
		from ( select row_number() over( order
		by gong_no asc) as num,
		gong_no,
		gong_category,
		gong_host,
		gong_award,
		gong_start,
		gong_end,
		gong_cdate,
		gong_content,
		gong_cnt
		from gong
		where
		gong_no = gong_no
		<if test="searchType != null">
			and
			<choose>
				<!--분야 -->
				<when test="searchType == 'T'.toString()">
					gong_category like '%' || #{keyword} || '%'
				</when>
				<!-- 상금 -->
				<when test="searchType == 'M'.toString()">
					gong_award like '%' || #{keyword} || '%'
				</when>
				<when test="searchType == 'C'.toString()">
					<!--내용 -->
					gong_content like '%' || #{keyword} || '%'
				</when>
				<!-- 분야 + 상금 + 내용 -->
				<when test="searchType == 'ALL'.toString">
					gong_category like '%' || #{keyword} || '%' or
					gong_award like '%' || #{keyword} || '%' or
					gong_content like '%' ||
					#{keyword} || '%'
				</when>
			</choose>
		</if>
		)
		where num between #{startRec} and #{endRec}
	</select>
	<!-- 조회수 +1 -->
	<update id="plusCnt" parameterType="int">
		UPDATE gong
		SET
		gong_cnt =
		gong_cnt +1
		WHERE gong_no = #{gong_no}
	</update>
	<select id="total" parameterType="map" resultType="int">
		Select count(*)
		From gong
		where
		<if test="searchType != null">
			<choose>
				<!--분야 -->
				<when test="searchType == 'T'.toString()">
					gong_category like '%' || #{keyword} || '%'
				</when>
				<!-- 상금 -->
				<when test="searchType == 'M'.toString()">
					gong_award like '%' || #{keyword} || '%'
				</when>
				<when test="searchType == 'C'.toString()">
					<!--내용 -->
					gong_content like '%' || #{keyword} || '%'
				</when>
				<!-- 분야 + 상금 + 내용 -->
				<when test="searchType == 'ALL'.toString">
					gong_category like '%' || #{keyword} || '%' or
					gong_award like '%' || #{keyword} || '%' or
					gong_content like '%' ||
					#{keyword} || '%'
				</when>
			</choose>
		</if>
	</select>
</mapper>