<?xml version="1.0" encoding="UTF-8"?>
<!DOCTYPE mapper PUBLIC "-//mybatis.org//DTD Config 3.0//EN"
  "http://mybatis.org/dtd/mybatis-3-mapper.dtd">
<mapper namespace="mappers.ReplyDAO-mapper">

	<insert id="write"
		parameterType="com.kh.prj.reply.vo.ReplyVO">
		insert into reply(
		community_no,
		reply_no,
		reply_group,
		reply_depth,
		reply_content,
		user_id)
		values(#{community_no},
		#{reply_no},
		#{reply_group},
		#{reply_depth},
		#{reply_content},
		#{user_id})
	</insert>
	<update id="plus">
	UPDATE reply SET
	reply_no = reply_no + 1
	</update>
	<update id="modify"
	        parameterType="com.kh.prj.reply.vo.ReplyVO">
	        UPDATE reply set
	        reply_content = #{reply_content} 
	        WHERE
	        community_no = #{community_no} AND
	        reply_group = #{reply_group} AND
	        reply_depth = #{reply_depth} AND
	        user_id = #{user_id}
	        </update>
	 <delete id="delete"
	         parameterType="com.kh.prj.reply.vo.ReplyVO">
	         DELETE FROM
	         reply
	         WHERE
	         reply_no = #{reply_no} AND
	         user_id = #{user_id}
	         </delete>
	 <select id="list"
	         parameterType="int"
	         resultType="com.kh.prj.reply.vo.ReplyVO">
	         SELECT 
	         community_no,
	         reply_content,
	         reply_cdate,
	         user_id
	         from reply
	         where community_no = #{community_no}
	         order by reply_group, reply_depth asc
	         </select>
</mapper>